0blivion,oblivion,0b,ob,0bliv,obliv
0w0
Abylle,aby,abyl,abyle,abyll
Accord
Adam09,adam
Aleister,ale,alister
Alpi,alp,apli
AmritaAnanda,amrita ananda,amrita,rita
Anapa,anap
AnnabelleLee,annabelle lee,anabelle,anna
AquaMarine,aqua marine,aqua
Armadillo,arma,arm
Artemisia,arte,art
AsteriaLunakis,asteria lunakis,asteria,lunakis,ast
Autumnn,autumn,aut
Avalon2,avalon
AveCaesar,ave
AxeYouAQuestion,axeyou,axe
Ayana
Badassassin1,badassassin
Bangin,bang
Bape
Berryiceman,berry iceman,berry,iceman
Bigchris,big chris,chris
BigFl0ydGaming,bigfl0yd,fl0yd,bigfloydgaming,bigfloyd,floyd
Bizaro,biz
BlackAsian,black asian
Bojji,bojii
Brazil
Butai,but
c00kie,cookie,cook
Cammybearpea,cam,cams,cammy,cbp
CarSladoleda,car,cars,carslad,carslado
Cazer
ChefBoyardee,chef boyardee,chef
Cian14,cian,cain14,ciam,cain
CloudStorm,cloud storm,cloud
Combust,comb
Dabstar,dabs,dab
DailyDouble,daily double,daily,dd
Dakuna,dak
DaricPierce,daric pierce,daric
DarkWing71,darkwing,wing
Dayanara,daya,day
Ddd5ddd5,ddd5,dd5,d5
DeadP00I,deadpool,pool,p00l,deadp00l
DismantldSoul,dismantld,dismantled,dis
Donatello,don,dona
DRU1D,druid
Elementz,element,ele,elem,elements
Emma2,emma
Episode,epi
ethhicx,Ethhic,ethicx,ethic,eth
Evandre,evan,evand,evandro,eva,evandra
Eve21,eve
Eveleen,evel,everleen
false,Flase
FirZ,fir
FlawlessBlade,flawless blade,flawless,flaw
Frozen Myth,frozen,frozo,froz,froze,frozenmyth
Frumentari,Frumentarii,frum,from
Galio,gal
gangsterIV,gangster,gang
Godstrike,godstrike,god,gs
GriffinMcCain,griffin mccain,griffin,griff
grimheals,grim
guardianAngel,guardian angel,ga,gua
Hiiiiiiiii,Hiiiiiiii,hiiiiiii,hiiiiii,hiiiii,hiiii,hiii,hii,hi
Holmes,homes
IAM,i am
IBite,i bite,bite
ImightNot
Inactive,ina
Iseabal,isea,ise,isaebel,isabel,iseabel
Itxaro,itaro,it
Izumi
Juxta,jux,juta
KatieMcArn,katie mcarn,katie,kat
Kellogs,kelloggs,kellgos,kellog,kellogg,kel,kell
Khaine
Killua13,killua,kill
Kingwatcher,kingw,kw
Korlisra,korl,kor,korli
LadyLuna,lady luna,luna,lady
LanojaGower,lanoja gower,lanoja,gower,lano
Lateralus,lateral,later,laterus
LeafThorinson,leaf thorinson,leaf
Leemaster,lee
Legendmoka,legend moka,moka,legend
Leililiani,leil,lei
littlemonster,little monster,monster,lilmonster,little
Liusaidh,liusaidh,liu,liusaid,liusaidh
Lock_Block,lock block
LockBlock
Luminous,lumin,lum
Lw
Macky,mack
Maev,mae,meave,meav
Maga,mag
Mamison,mami
Mancan,man
Markistan3,mark,markistan,marki,markis,markstain
MasterSplinter,master splinter,splinter
McFlaffy,mc flaffy,flaffy,fluffy
Medicare,medi,med
Menhit,men,hit
Mhhmmm,mhmmm,mhhmm,mhhm,mhmm,mhm,mhh,mmhh,mmh,mhhhm,mhhh,mhhn,mh,mmhmm,mhhhmmm,mhmmmm,mmhm,mhhmmmm,mmhhmm,mhn
Michaelangelo,mich
MikeTyson,mike tyson,mike,tyson
MioChibana,mio chibana,mio
MissDirection,miss direction,missd,miss
MisterWc,mister
Mitsukuni,mits
MoMo,mo mo,mo,mo-mo,mono
Morgatha,morg
Mountaineer,mountain,mount
MrDuck,mr duck,duck
MrFrog,mr frog,frog
MrGoat,mr goat,goat
MrGrizzly,mr grizzly,grizzly
MrNiceGuy420,mrniceguy,mrnice,niceguy,guy
Mrpiggi,mr piggi,piggi,mr piggy,mrpiggy,piggy
MrsHolmes,mrs holmes
Mythic,myth
Myworld1,myworld,world
Narcisse,narc,narci,narcis,narcise,narcissi
nikhilrajj,nikhil,nik,nikhilraj
NitesDeath,nites,nite
Nobu,nob
nrgnrg,nrg
NugNug,nug
Odokawa,odo,odok,odowaka,oda,odakawa
OliviaMacLear,olivia maclear,olivia
Orkuza,ork
OZeusO,0zeus0,zeus,ozeus,0zeus,zues
Payload,pay
Peachyy,peachy,peach
Petal
PopTarts,pop tarts,poptart,pop
PublicEnemy,public enemy,public,pub
Pyromancer,pyro
Ragz,rags
RangedAssasin,rangedassassin,ranged assassin,ranged assasin,ranged,ra
Rapheal,raphael,raph
RavenSpike,raven spike,raven,spike
Redish,red,reddish
RedMan1,redman
RedViper,red viper,viper
Reverie,rev
Rikimarro,riki,rikim,rikki
RitZ1,ritz,rit,titz
Royalninja,royal,royal ninja,ninja,roy
S0Z0,sozo
SabrasGethin,sabrags gethin,sabras,sab
SaerahMagar,saerah magar,saerah,sae,saw
Sagittarii,sagittari,sagitarii,sagitari,sagi,sag,sagittarius
Sajna,saj.sajn
Saraaaa98,saraaa98,saraaa,saraa,sara
Serene,sereene,sere,ser
Shooterguy,shooter guy,shooter
SirWilliam1,sir william,william
Sk33ze,skeeze
Skullkrusher,skull,skully,skullcrusher
Slasher42,slasher
Sneakyshadow, sneaky shadow,sneaky
Sorvia
Spacemaker3000,spacemaker,space
Spellguy,spell guy,spell
Steeeeve,steeeve,steeve,steve
Stringer,string,stinger
Sunrise,sun
Suntzu,suntzu
Swishy
Taffy
TerminNater,terminater,term
Thanatus,than
Thefuture
TheMachine,the machine,machine
ThorinWallace,thorin wallace,thorin
Thunderbuns,buns
Thyestes,thy
ToxICfire,toxi
Treasa,trea
Tuila,tulia,tuzla,
Twistedrogue,twisted rogue
Twistedwarrior,twisted warrior
Tymur
ulavanking,ulavan king,ulavan,uk
UnitedHealth,united
Vagos,vag,vagis,vagus
Vannee,vann,van
Vapegod
Vendy
Vexey
Viscaria,visc,vis,viscera
VortarTolan,vortar,vortar tolan
WhiteArrow,white arrow
WHITEDEATH
xBlackCobrax
xDiablox,diablo,xdia,dia
XherbalhealzX,xherbal healzx,herbal,herbalhealz,hh
xHoneyx,xhoney,honey,hon
xiiZed,zed
xRapid,rapid
xRedJamiex,redjamie,red jamie,red,jamie,xred
xResonate,resonate,res,xres,
xXironhideXx,ironhide
xxTHORxx,thor
Yoshimura,yoshi
YunTheCobra,yun
Zapp,zap
Zapps,zaps
Zol
